{"categorical_accuracy": [0.4453125, 0.690625011920929, 0.7677419185638428, 0.815625011920929, 0.817187488079071, 0.8671875, 0.848437488079071, 0.871874988079071, 0.879687488079071, 0.8765624761581421, 0.953125, 0.901562511920929, 0.9096774458885193, 0.917187511920929, 0.8968750238418579, 0.9078124761581421, 0.917187511920929, 0.9281250238418579, 0.926562488079071, 0.932812511920929, 0.932812511920929, 0.921875, 0.9209677577018738, 0.932812511920929, 0.9156249761581421, 0.9203125238418579, 0.9281250238418579, 0.9453125, 0.940625011920929, 0.9234374761581421, 0.9453125, 0.9468749761581421, 0.921875, 0.953125, 0.9515625238418579, 0.9468749761581421, 0.948437511920929, 0.942187488079071, 0.9390624761581421, 0.957812488079071, 0.9435483813285828, 0.956250011920929, 0.964062511920929, 0.9375, 0.9468749761581421, 0.956250011920929, 0.9593750238418579, 0.9593750238418579, 0.9671875238418579, 0.9765625], "loss": [4.468471050262451, 1.7112623453140259, 1.127716302871704, 0.7510680556297302, 0.7739102840423584, 0.5667357444763184, 0.6157804727554321, 0.5609374642372131, 0.4671397805213928, 0.45380181074142456, 0.12573467195034027, 0.3764924705028534, 0.3575073778629303, 0.33768749237060547, 0.40127032995224, 0.3247299790382385, 0.3492231070995331, 0.28438231348991394, 0.3061864972114563, 0.25880151987075806, 0.25616222620010376, 0.18241901695728302, 0.3275277018547058, 0.3117161691188812, 0.32394924759864807, 0.35380062460899353, 0.28449562191963196, 0.2048320323228836, 0.28394195437431335, 0.3022611737251282, 0.1887112557888031, 0.19020237028598785, 0.3631354868412018, 0.17788532376289368, 0.1660880148410797, 0.17669038474559784, 0.1915775090456009, 0.1967756301164627, 0.2019946128129959, 0.1575586050748825, 0.18244031071662903, 0.1830378621816635, 0.16159285604953766, 0.16436855494976044, 0.19294226169586182, 0.16028133034706116, 0.16846594214439392, 0.13885369896888733, 0.11478684097528458, 0.08707702159881592], "val_categorical_accuracy": [0.597777783870697, 0.7181481719017029, 0.7637037038803101, 0.7655555605888367, 0.7692592740058899, 0.8025925755500793, 0.8003703951835632, 0.8218518495559692, 0.8059259057044983, 0.8207407593727112, 0.8225926160812378, 0.8366666436195374, 0.8381481766700745, 0.846666693687439, 0.8418518304824829, 0.8429629802703857, 0.8488888740539551, 0.8481481671333313, 0.8277778029441833, 0.8377777934074402, 0.8429629802703857, 0.8403703570365906, 0.8377777934074402, 0.8437036871910095, 0.8333333134651184, 0.851111114025116, 0.8329629898071289, 0.8211110830307007, 0.8570370078086853, 0.8629629611968994, 0.8592592477798462, 0.8514814972877502, 0.8618518710136414, 0.8514814972877502, 0.8666666746139526, 0.8611111044883728, 0.8611111044883728, 0.8503703474998474, 0.8662962913513184, 0.8507407307624817, 0.8407407402992249, 0.8570370078086853, 0.869259238243103, 0.8700000047683716, 0.864814817905426, 0.8562963008880615, 0.8544444441795349, 0.8440740704536438, 0.8588888645172119, 0.8518518805503845], "val_loss": [3.057528495788574, 1.7061223983764648, 1.2391365766525269, 1.2137805223464966, 1.0894149541854858, 0.8760790824890137, 0.912390947341919, 0.8301823139190674, 0.8524608612060547, 0.802496612071991, 0.7820271849632263, 0.721193790435791, 0.8148317337036133, 0.7685231566429138, 0.6935907006263733, 0.6999145746231079, 0.7060064077377319, 0.6442250609397888, 0.8710110187530518, 0.7571589946746826, 0.7331549525260925, 0.7576814293861389, 0.7749658226966858, 0.6915154457092285, 0.7468029260635376, 0.656711220741272, 0.7743611335754395, 0.8638905882835388, 0.6471726298332214, 0.5893942713737488, 0.6946507692337036, 0.6825343370437622, 0.6062296628952026, 0.6811801195144653, 0.5615008473396301, 0.5892118811607361, 0.6388882994651794, 0.6900197267532349, 0.5980712175369263, 0.7231520414352417, 0.7532486915588379, 0.6307343244552612, 0.6068984270095825, 0.5913342833518982, 0.6061527729034424, 0.6865373253822327, 0.65791255235672, 0.7734126448631287, 0.6661883592605591, 0.7091350555419922]}